name,brand,price,unit,fiberType,density,tensileStrength,flexuralStrength,waterAbsorption,elongation,chemicalResistance,ecoCertification,manufactureDate,expiryDate
Fiberglass Product-1,3B-the Fibreglass Company,52.93,kg,E-Glass,2.45,2263.23,244.25,0.0618,2.68,Moderate,"RoHS, REACH",2023-07-11,2024-10-20
Fiberglass Product-2,AGY,68.5,kg,Carbon,2.52,3036.67,288.68,0.1534,4.13,Moderate,"RoHS, REACH",2024-04-09,2027-01-07
Fiberglass Product-3,Taishan Fiberglass,85.97,kg,Carbon,2.57,2830.53,441.9,0.1192,3.68,Moderate,"RoHS, REACH",2024-03-20,2025-04-26
Fiberglass Product-4,Shangwei,41.93,kg,E-Glass,2.61,2751.99,368.04,0.0278,2.94,Excellent,None,2024-08-15,2026-08-04
Fiberglass Product-5,Taishan Fiberglass,73.12,kg,C-Glass,2.41,3169.57,436.77,0.1087,4.48,Good,ISO 14001,2023-07-19,2024-12-11
Fiberglass Product-6,Saint-Gobain Vetrotex,12.34,kg,S-Glass,2.55,3299.96,218.66,0.1799,2.8,Poor,None,2024-11-06,2026-05-04
Fiberglass Product-7,Shangwei,44.01,kg,Basalt,2.6,2249.29,257.47,0.0598,2.03,Moderate,None,2023-07-25,2025-03-28
Fiberglass Product-8,CPIC,52.99,kg,Basalt,2.7,2167.5,118.02,0.0492,3.77,Moderate,"RoHS, REACH",2024-05-17,2026-01-13
Fiberglass Product-9,Shangwei,51.42,kg,S-Glass,2.59,3239.0,122.39,0.1512,3.34,Excellent,"RoHS, REACH",2024-03-31,2026-03-13
Fiberglass Product-10,Johns Manville,94.16,kg,Basalt,2.5,2799.67,363.22,0.1038,2.68,Poor,ISO 14001,2024-10-29,2027-09-15
Fiberglass Product-11,Shangwei,15.25,kg,Carbon,2.46,3124.38,226.14,0.1896,4.42,Moderate,ISO 14001,2024-04-14,2026-10-18
Fiberglass Product-12,Nippon Electric Glass,82.68,kg,Basalt,2.62,2922.2,102.44,0.0495,2.57,Poor,None,2023-07-14,2026-01-12
Fiberglass Product-13,CPIC,47.21,kg,C-Glass,2.43,2440.08,489.32,0.0873,1.76,Good,None,2023-11-17,2025-05-24
Fiberglass Product-14,Johns Manville,82.61,kg,Carbon,2.45,2362.48,276.93,0.0316,3.34,Moderate,"RoHS, REACH",2023-11-02,2024-11-13
Fiberglass Product-15,Taishan Fiberglass,59.13,kg,Carbon,2.54,1865.79,197.99,0.0186,3.53,Excellent,"RoHS, REACH",2023-09-17,2024-12-06
Fiberglass Product-16,3B-the Fibreglass Company,38.9,kg,E-Glass,2.61,3118.44,145.32,0.0319,3.55,Good,None,2024-03-15,2025-09-09
Fiberglass Product-17,AGY,41.25,kg,E-Glass,2.61,2308.59,484.67,0.1857,3.69,Excellent,"RoHS, REACH",2024-11-10,2026-01-02
Fiberglass Product-18,Shangwei,18.79,kg,S-Glass,2.67,2971.81,362.89,0.155,2.68,Moderate,"RoHS, REACH",2024-05-16,2026-07-27
Fiberglass Product-19,CPIC,80.58,kg,C-Glass,2.59,2743.48,298.58,0.1217,1.62,Excellent,"RoHS, REACH",2024-08-26,2026-04-26
Fiberglass Product-20,Nippon Electric Glass,32.84,kg,Carbon,2.41,3218.01,372.76,0.1669,3.56,Moderate,ISO 14001,2023-10-03,2025-10-13
Fiberglass Product-21,CPIC,29.97,kg,Carbon,2.58,3218.21,151.79,0.0139,1.66,Excellent,"RoHS, REACH",2024-10-08,2026-11-12
Fiberglass Product-22,Owens Corning,78.38,kg,Basalt,2.6,2716.67,287.38,0.1233,3.08,Moderate,"RoHS, REACH",2024-12-02,2026-08-09
Fiberglass Product-23,China Jushi,26.88,kg,Carbon,2.61,1714.1,141.78,0.0354,1.64,Poor,None,2023-06-06,2024-07-08
Fiberglass Product-24,CPIC,44.48,kg,Carbon,2.49,1657.47,466.11,0.1787,4.17,Good,"RoHS, REACH",2023-11-06,2025-09-10
Fiberglass Product-25,CPIC,39.89,kg,Basalt,2.54,1922.71,183.13,0.1173,3.78,Moderate,"RoHS, REACH",2023-11-29,2025-08-28
Fiberglass Product-26,Saint-Gobain Vetrotex,18.96,kg,E-Glass,2.65,3281.21,151.64,0.0212,3.61,Good,None,2024-03-04,2027-01-08
Fiberglass Product-27,3B-the Fibreglass Company,26.74,kg,Basalt,2.42,1871.39,395.97,0.0252,4.43,Excellent,ISO 14001,2023-11-12,2024-12-02
Fiberglass Product-28,China Jushi,75.48,kg,Basalt,2.64,1659.16,224.03,0.0933,2.61,Good,"RoHS, REACH",2023-12-08,2026-03-25
Fiberglass Product-29,Owens Corning,79.32,kg,C-Glass,2.42,3099.43,272.79,0.1932,1.78,Good,None,2024-12-20,2027-11-16
Fiberglass Product-30,Johns Manville,61.64,kg,Carbon,2.42,3197.7,213.97,0.1784,4.46,Moderate,None,2023-10-29,2026-09-23
Fiberglass Product-31,3B-the Fibreglass Company,31.42,kg,E-Glass,2.64,2808.07,143.4,0.1514,1.81,Poor,"RoHS, REACH",2024-01-25,2026-09-10
Fiberglass Product-32,Saint-Gobain Vetrotex,49.97,kg,C-Glass,2.69,3236.5,351.04,0.1892,2.17,Good,None,2024-10-05,2027-03-07
Fiberglass Product-33,CPIC,36.63,kg,C-Glass,2.57,2531.15,433.86,0.1222,4.48,Excellent,"RoHS, REACH",2024-03-25,2025-07-05
Fiberglass Product-34,Shangwei,78.34,kg,Carbon,2.46,3055.25,124.85,0.1548,2.25,Excellent,"RoHS, REACH",2024-01-03,2026-11-18
Fiberglass Product-35,Owens Corning,64.54,kg,C-Glass,2.54,2256.68,473.3,0.1123,2.12,Good,"RoHS, REACH",2024-05-28,2025-08-27
Fiberglass Product-36,Shangwei,58.26,kg,S-Glass,2.69,2642.48,382.01,0.1529,4.05,Good,"RoHS, REACH",2023-06-04,2025-10-07
Fiberglass Product-37,CPIC,68.21,kg,E-Glass,2.42,3202.34,391.02,0.0418,2.78,Good,ISO 14001,2023-12-27,2024-12-30
Fiberglass Product-38,China Jushi,58.34,kg,E-Glass,2.52,3115.31,467.67,0.1863,3.9,Good,"RoHS, REACH",2024-11-05,2027-08-06
Fiberglass Product-39,Taishan Fiberglass,23.88,kg,S-Glass,2.5,2823.66,278.56,0.0929,2.61,Excellent,None,2024-04-14,2025-05-09
Fiberglass Product-40,China Jushi,20.82,kg,C-Glass,2.44,2362.49,268.97,0.0923,3.55,Poor,None,2023-04-05,2025-06-26
Fiberglass Product-41,Shangwei,11.4,kg,S-Glass,2.58,2162.11,119.4,0.195,2.09,Poor,None,2024-09-26,2026-06-10
Fiberglass Product-42,CPIC,30.32,kg,C-Glass,2.57,2040.75,422.98,0.075,3.06,Poor,ISO 14001,2024-01-22,2027-01-04
Fiberglass Product-43,Nippon Electric Glass,41.05,kg,S-Glass,2.4,3494.4,358.29,0.0141,3.79,Moderate,ISO 14001,2024-04-18,2026-03-09
Fiberglass Product-44,Taishan Fiberglass,37.89,kg,S-Glass,2.45,2726.59,154.02,0.0208,1.53,Excellent,None,2023-11-05,2026-09-20
Fiberglass Product-45,Nippon Electric Glass,39.94,kg,S-Glass,2.66,3006.32,486.75,0.0107,4.26,Moderate,ISO 14001,2024-06-18,2026-08-20
Fiberglass Product-46,Shangwei,44.81,kg,Basalt,2.68,1837.09,138.32,0.0546,2.78,Good,ISO 14001,2024-06-28,2025-11-30
Fiberglass Product-47,Johns Manville,37.71,kg,Carbon,2.42,2708.87,297.79,0.0887,2.53,Good,ISO 14001,2023-08-29,2025-12-11
Fiberglass Product-48,Johns Manville,65.3,kg,Carbon,2.59,2768.34,206.52,0.0103,2.11,Good,ISO 14001,2024-04-14,2025-08-08
Fiberglass Product-49,3B-the Fibreglass Company,63.13,kg,C-Glass,2.68,3300.22,131.44,0.0288,2.51,Good,ISO 14001,2024-08-01,2026-05-08
Fiberglass Product-50,Shangwei,97.69,kg,E-Glass,2.56,1999.27,406.88,0.0938,3.48,Poor,ISO 14001,2023-04-02,2025-06-25
Fiberglass Product-51,3B-the Fibreglass Company,97.95,kg,Carbon,2.67,3493.26,490.12,0.0631,2.34,Moderate,None,2024-08-29,2025-09-11
Fiberglass Product-52,Nippon Electric Glass,52.73,kg,Basalt,2.49,2544.73,273.51,0.085,2.18,Excellent,ISO 14001,2024-08-22,2026-08-27
Fiberglass Product-53,Johns Manville,76.09,kg,Carbon,2.67,2671.8,128.27,0.0602,2.76,Good,None,2024-11-10,2027-05-21
Fiberglass Product-54,3B-the Fibreglass Company,70.59,kg,Carbon,2.67,3456.39,419.4,0.0905,1.86,Poor,None,2024-05-19,2025-06-13
Fiberglass Product-55,3B-the Fibreglass Company,32.69,kg,C-Glass,2.66,2981.79,211.05,0.16,3.61,Excellent,"RoHS, REACH",2023-07-27,2025-01-12
Fiberglass Product-56,CPIC,48.11,kg,Basalt,2.47,2648.0,211.26,0.0884,2.55,Poor,None,2024-10-27,2026-02-11
Fiberglass Product-57,Johns Manville,13.81,kg,Basalt,2.59,2202.06,230.7,0.1406,2.98,Poor,ISO 14001,2024-02-08,2026-07-09
Fiberglass Product-58,Saint-Gobain Vetrotex,81.48,kg,E-Glass,2.63,1606.33,405.7,0.1852,4.18,Poor,None,2023-07-22,2025-08-04
Fiberglass Product-59,Nippon Electric Glass,99.46,kg,E-Glass,2.51,3355.63,173.33,0.044,4.05,Moderate,ISO 14001,2024-03-30,2026-06-15
Fiberglass Product-60,Johns Manville,34.97,kg,E-Glass,2.57,2196.27,138.59,0.0822,1.99,Good,"RoHS, REACH",2023-06-30,2025-04-27
Fiberglass Product-61,AGY,40.2,kg,E-Glass,2.51,1572.9,165.37,0.1991,4.04,Good,ISO 14001,2024-06-20,2025-10-30
Fiberglass Product-62,3B-the Fibreglass Company,62.18,kg,Carbon,2.7,2244.07,383.45,0.1017,2.89,Excellent,"RoHS, REACH",2023-10-02,2026-05-30
Fiberglass Product-63,Johns Manville,90.23,kg,Carbon,2.45,3495.51,407.75,0.1556,3.79,Poor,None,2023-04-08,2025-12-11
Fiberglass Product-64,AGY,93.5,kg,E-Glass,2.58,1698.89,133.5,0.1332,3.3,Poor,"RoHS, REACH",2024-06-05,2027-04-04
Fiberglass Product-65,Johns Manville,40.12,kg,Carbon,2.51,1768.98,392.87,0.0161,3.03,Excellent,ISO 14001,2023-10-28,2025-06-01
Fiberglass Product-66,CPIC,43.12,kg,S-Glass,2.58,3108.46,422.44,0.1068,3.02,Poor,ISO 14001,2023-06-08,2025-10-13
Fiberglass Product-67,Shangwei,72.47,kg,Carbon,2.61,2676.25,374.39,0.136,3.3,Good,ISO 14001,2024-08-26,2026-12-13
Fiberglass Product-68,Nippon Electric Glass,27.26,kg,Carbon,2.53,2351.05,182.8,0.1305,4.37,Moderate,ISO 14001,2024-04-02,2026-04-16
Fiberglass Product-69,Nippon Electric Glass,61.67,kg,Carbon,2.46,3186.31,319.95,0.1755,3.97,Moderate,None,2023-03-24,2025-02-03
Fiberglass Product-70,Owens Corning,72.23,kg,C-Glass,2.51,2070.82,277.39,0.1294,1.79,Excellent,"RoHS, REACH",2023-05-03,2024-08-27
Fiberglass Product-71,Saint-Gobain Vetrotex,52.13,kg,S-Glass,2.5,3207.46,113.63,0.1386,2.6,Moderate,ISO 14001,2024-06-10,2027-04-15
Fiberglass Product-72,CPIC,11.28,kg,Carbon,2.48,2200.69,143.2,0.1639,1.87,Excellent,"RoHS, REACH",2023-10-16,2026-03-13
Fiberglass Product-73,Shangwei,85.03,kg,C-Glass,2.58,2580.19,460.06,0.0744,2.3,Good,ISO 14001,2024-07-21,2026-10-01
Fiberglass Product-74,3B-the Fibreglass Company,22.62,kg,C-Glass,2.47,1568.14,157.7,0.163,2.9,Good,ISO 14001,2023-03-26,2025-09-19
Fiberglass Product-75,Owens Corning,39.7,kg,Carbon,2.42,3306.52,156.97,0.1331,2.07,Poor,ISO 14001,2025-02-03,2028-01-15
Fiberglass Product-76,Owens Corning,97.19,kg,Basalt,2.64,3026.0,406.55,0.1616,3.15,Moderate,"RoHS, REACH",2023-09-24,2024-11-07
Fiberglass Product-77,China Jushi,98.5,kg,Carbon,2.46,1791.2,207.32,0.1849,2.18,Moderate,"RoHS, REACH",2024-05-19,2027-03-02
Fiberglass Product-78,Saint-Gobain Vetrotex,71.6,kg,Carbon,2.51,2685.84,480.31,0.1538,2.01,Good,"RoHS, REACH",2023-03-31,2024-11-30
Fiberglass Product-79,Saint-Gobain Vetrotex,60.06,kg,S-Glass,2.65,3453.35,425.36,0.0752,3.75,Moderate,None,2024-11-07,2027-10-13
Fiberglass Product-80,Saint-Gobain Vetrotex,14.82,kg,E-Glass,2.61,2142.76,368.49,0.0855,2.42,Moderate,ISO 14001,2023-12-06,2025-04-27
Fiberglass Product-81,Johns Manville,71.98,kg,E-Glass,2.45,2196.44,138.34,0.1983,3.94,Poor,None,2024-05-16,2026-02-24
Fiberglass Product-82,Johns Manville,60.69,kg,Basalt,2.6,2195.53,466.81,0.0985,4.25,Poor,None,2024-12-25,2025-12-30
Fiberglass Product-83,Owens Corning,63.3,kg,S-Glass,2.62,2496.55,246.37,0.1669,4.42,Good,ISO 14001,2023-08-28,2026-04-22
Fiberglass Product-84,Taishan Fiberglass,82.7,kg,Basalt,2.64,2172.36,448.74,0.139,3.61,Good,None,2024-01-27,2026-05-15
Fiberglass Product-85,Shangwei,48.38,kg,Carbon,2.61,2418.58,280.68,0.0268,3.6,Poor,"RoHS, REACH",2023-10-19,2026-05-29
Fiberglass Product-86,Taishan Fiberglass,16.17,kg,C-Glass,2.6,1751.57,372.97,0.144,3.16,Excellent,None,2024-05-27,2026-11-13
Fiberglass Product-87,China Jushi,99.28,kg,E-Glass,2.49,2139.11,366.19,0.1016,2.82,Good,None,2024-11-04,2027-03-17
Fiberglass Product-88,Taishan Fiberglass,28.69,kg,C-Glass,2.53,3256.86,223.75,0.1369,1.59,Moderate,None,2025-02-10,2027-07-30
Fiberglass Product-89,Saint-Gobain Vetrotex,83.62,kg,E-Glass,2.44,2942.18,121.85,0.1668,3.13,Moderate,"RoHS, REACH",2024-09-21,2026-11-01
Fiberglass Product-90,China Jushi,49.05,kg,Basalt,2.43,3184.42,244.7,0.1146,2.06,Poor,None,2024-08-12,2027-02-25
Fiberglass Product-91,Nippon Electric Glass,71.79,kg,C-Glass,2.66,2921.92,461.9,0.053,3.42,Poor,None,2024-02-05,2026-07-03
Fiberglass Product-92,Owens Corning,76.79,kg,S-Glass,2.5,1923.56,228.59,0.1566,4.34,Poor,"RoHS, REACH",2023-04-25,2024-08-23
Fiberglass Product-93,Owens Corning,30.76,kg,S-Glass,2.51,2700.73,288.84,0.1511,1.69,Good,None,2023-04-07,2024-06-12
Fiberglass Product-94,Saint-Gobain Vetrotex,66.32,kg,Carbon,2.43,2505.13,465.35,0.0855,2.64,Poor,ISO 14001,2023-12-29,2025-02-08
Fiberglass Product-95,Nippon Electric Glass,16.72,kg,Carbon,2.67,3363.39,119.78,0.099,2.34,Poor,"RoHS, REACH",2023-05-11,2024-10-07
Fiberglass Product-96,CPIC,32.85,kg,Carbon,2.61,3385.22,184.84,0.0522,3.71,Poor,"RoHS, REACH",2023-12-06,2025-02-27
Fiberglass Product-97,Johns Manville,97.63,kg,C-Glass,2.61,3078.8,133.92,0.0436,3.04,Good,ISO 14001,2023-08-29,2026-07-03
Fiberglass Product-98,Owens Corning,40.95,kg,E-Glass,2.59,2723.87,216.41,0.0852,2.05,Excellent,ISO 14001,2023-12-31,2026-06-18
Fiberglass Product-99,Taishan Fiberglass,91.7,kg,E-Glass,2.64,2213.47,432.49,0.102,2.22,Poor,None,2023-12-23,2026-05-10
Fiberglass Product-100,AGY,21.82,kg,E-Glass,2.55,2580.48,328.75,0.011,3.53,Good,None,2023-08-22,2025-02-09
Fiberglass Product-101,AGY,15.45,kg,S-Glass,2.5,1803.83,126.03,0.0563,2.37,Poor,ISO 14001,2024-05-10,2026-11-30
Fiberglass Product-102,Owens Corning,77.59,kg,C-Glass,2.45,2127.3,205.2,0.0336,4.23,Excellent,ISO 14001,2024-11-16,2027-03-05
Fiberglass Product-103,Johns Manville,54.77,kg,E-Glass,2.61,2710.03,340.6,0.0321,3.23,Poor,None,2023-04-05,2024-05-25
Fiberglass Product-104,Johns Manville,43.34,kg,E-Glass,2.53,3185.18,440.95,0.0364,1.87,Good,"RoHS, REACH",2024-12-09,2027-05-04
Fiberglass Product-105,Shangwei,25.8,kg,Basalt,2.41,2028.96,292.75,0.0299,3.48,Poor,"RoHS, REACH",2023-11-19,2025-08-09
Fiberglass Product-106,Saint-Gobain Vetrotex,69.81,kg,Basalt,2.43,2096.12,442.84,0.038,3.53,Poor,ISO 14001,2023-06-21,2025-04-25
Fiberglass Product-107,3B-the Fibreglass Company,66.07,kg,Basalt,2.59,1921.45,406.85,0.1117,4.2,Moderate,None,2024-03-16,2025-08-23
Fiberglass Product-108,Shangwei,94.32,kg,C-Glass,2.66,3426.62,199.18,0.1056,2.39,Excellent,ISO 14001,2023-03-26,2025-01-07
Fiberglass Product-109,3B-the Fibreglass Company,91.85,kg,Carbon,2.58,2286.18,475.79,0.1905,3.49,Poor,ISO 14001,2024-05-20,2027-01-22
Fiberglass Product-110,Shangwei,30.34,kg,E-Glass,2.62,2690.69,492.28,0.1053,3.84,Good,ISO 14001,2024-02-13,2026-06-25
Fiberglass Product-111,Saint-Gobain Vetrotex,39.79,kg,C-Glass,2.57,1713.22,141.78,0.1257,2.04,Good,"RoHS, REACH",2023-09-29,2025-02-28
Fiberglass Product-112,Saint-Gobain Vetrotex,71.72,kg,E-Glass,2.48,2774.48,351.47,0.1594,2.03,Poor,None,2023-03-26,2024-08-03
Fiberglass Product-113,AGY,12.86,kg,Carbon,2.43,1864.19,455.6,0.1315,3.41,Good,ISO 14001,2023-11-25,2024-12-17
Fiberglass Product-114,Taishan Fiberglass,95.69,kg,S-Glass,2.6,1952.48,333.43,0.1189,2.6,Moderate,None,2024-05-06,2026-04-22
Fiberglass Product-115,AGY,67.48,kg,Basalt,2.64,3079.63,466.78,0.1416,3.32,Good,None,2024-01-30,2025-02-23
Fiberglass Product-116,Owens Corning,24.11,kg,E-Glass,2.58,1536.93,294.63,0.1612,2.19,Moderate,"RoHS, REACH",2023-04-15,2026-01-09
Fiberglass Product-117,Owens Corning,57.89,kg,C-Glass,2.41,2287.05,106.6,0.0909,3.38,Poor,None,2025-01-22,2027-06-11
Fiberglass Product-118,AGY,90.34,kg,C-Glass,2.57,2960.3,210.13,0.1767,2.15,Good,ISO 14001,2024-12-23,2026-09-26
Fiberglass Product-119,Johns Manville,11.12,kg,Carbon,2.43,2874.4,341.76,0.1098,2.91,Excellent,ISO 14001,2025-02-18,2026-12-15
Fiberglass Product-120,Johns Manville,96.12,kg,Basalt,2.48,3276.66,478.52,0.1929,2.39,Good,None,2024-09-21,2026-04-30
Fiberglass Product-121,3B-the Fibreglass Company,35.32,kg,Carbon,2.49,3211.97,260.9,0.1715,4.4,Good,"RoHS, REACH",2023-09-09,2026-04-18
Fiberglass Product-122,Owens Corning,44.88,kg,E-Glass,2.69,1504.49,335.57,0.0307,3.77,Poor,None,2023-06-18,2026-03-27
Fiberglass Product-123,Nippon Electric Glass,95.34,kg,Carbon,2.67,1531.13,258.76,0.1789,2.1,Good,"RoHS, REACH",2023-10-30,2026-02-02
Fiberglass Product-124,CPIC,36.91,kg,C-Glass,2.49,1936.17,386.58,0.0726,3.54,Good,ISO 14001,2023-08-10,2026-07-16
Fiberglass Product-125,Owens Corning,78.19,kg,S-Glass,2.64,2999.91,498.69,0.0139,2.76,Good,None,2024-10-29,2027-07-06
Fiberglass Product-126,Nippon Electric Glass,73.51,kg,E-Glass,2.47,1663.57,243.63,0.0209,3.96,Excellent,ISO 14001,2025-02-16,2027-04-20
Fiberglass Product-127,CPIC,19.98,kg,C-Glass,2.52,2041.35,469.35,0.1632,2.65,Good,ISO 14001,2023-05-15,2025-04-04
Fiberglass Product-128,China Jushi,40.85,kg,S-Glass,2.52,1808.54,195.47,0.1174,3.23,Poor,"RoHS, REACH",2024-06-29,2027-03-06
Fiberglass Product-129,CPIC,32.44,kg,Carbon,2.57,1504.73,326.2,0.0451,4.08,Good,"RoHS, REACH",2025-01-29,2026-12-01
Fiberglass Product-130,Shangwei,76.45,kg,C-Glass,2.41,3482.73,173.23,0.0548,3.92,Excellent,None,2024-01-16,2026-07-08
Fiberglass Product-131,Taishan Fiberglass,35.31,kg,C-Glass,2.67,2502.53,110.2,0.1868,4.01,Good,ISO 14001,2024-10-21,2026-06-03
Fiberglass Product-132,Saint-Gobain Vetrotex,83.12,kg,C-Glass,2.6,1703.35,262.14,0.0371,2.64,Poor,None,2023-03-30,2025-01-21
Fiberglass Product-133,AGY,86.5,kg,Basalt,2.49,2763.8,429.1,0.1976,2.35,Moderate,None,2024-01-16,2026-01-11
Fiberglass Product-134,AGY,54.35,kg,C-Glass,2.4,2349.89,221.2,0.1765,2.88,Moderate,ISO 14001,2023-06-15,2025-07-23
Fiberglass Product-135,Shangwei,51.63,kg,Carbon,2.67,3199.47,225.19,0.0736,3.84,Excellent,"RoHS, REACH",2023-07-06,2025-10-25
Fiberglass Product-136,CPIC,67.47,kg,C-Glass,2.43,3241.25,290.28,0.1465,1.7,Moderate,ISO 14001,2024-05-04,2026-02-10
Fiberglass Product-137,Owens Corning,78.01,kg,C-Glass,2.43,3474.79,453.37,0.1339,4.44,Excellent,"RoHS, REACH",2023-05-31,2024-07-09
Fiberglass Product-138,Nippon Electric Glass,40.82,kg,S-Glass,2.64,1871.19,436.55,0.0668,1.68,Poor,ISO 14001,2024-03-17,2026-10-14
Fiberglass Product-139,3B-the Fibreglass Company,17.17,kg,Carbon,2.62,3060.15,443.17,0.133,3.06,Poor,ISO 14001,2023-12-15,2026-07-16
Fiberglass Product-140,CPIC,22.41,kg,C-Glass,2.69,2814.52,386.01,0.0839,2.51,Poor,"RoHS, REACH",2023-03-25,2024-08-22
Fiberglass Product-141,Owens Corning,71.28,kg,Basalt,2.68,1968.22,406.31,0.1186,3.64,Good,None,2024-10-02,2026-04-25
Fiberglass Product-142,Saint-Gobain Vetrotex,18.2,kg,Basalt,2.54,3289.29,165.56,0.1789,3.37,Poor,None,2024-11-09,2026-02-17
Fiberglass Product-143,Taishan Fiberglass,13.22,kg,S-Glass,2.63,2166.16,383.41,0.0131,1.52,Good,ISO 14001,2024-05-30,2026-03-09
Fiberglass Product-144,Taishan Fiberglass,33.0,kg,Carbon,2.46,2541.69,406.97,0.0992,3.17,Excellent,ISO 14001,2024-10-21,2027-05-31
Fiberglass Product-145,Saint-Gobain Vetrotex,58.83,kg,E-Glass,2.41,2957.77,245.03,0.0731,3.15,Moderate,None,2024-05-28,2026-08-01
Fiberglass Product-146,China Jushi,42.2,kg,C-Glass,2.54,2018.65,101.78,0.0746,4.45,Good,ISO 14001,2023-08-18,2025-07-16
Fiberglass Product-147,3B-the Fibreglass Company,94.77,kg,C-Glass,2.42,1520.85,278.18,0.0178,4.11,Excellent,ISO 14001,2023-11-15,2025-12-03
Fiberglass Product-148,3B-the Fibreglass Company,16.61,kg,E-Glass,2.43,3483.28,452.04,0.1001,3.92,Excellent,"RoHS, REACH",2023-07-25,2025-04-09
Fiberglass Product-149,Nippon Electric Glass,69.66,kg,E-Glass,2.4,1779.43,210.2,0.0491,2.05,Moderate,"RoHS, REACH",2023-12-21,2026-05-01
Fiberglass Product-150,Saint-Gobain Vetrotex,75.51,kg,S-Glass,2.67,2001.93,358.07,0.1853,2.42,Excellent,None,2024-09-18,2025-12-25
Fiberglass Product-151,Saint-Gobain Vetrotex,97.68,kg,E-Glass,2.48,2498.15,217.31,0.1751,4.45,Good,None,2023-09-18,2024-09-20
Fiberglass Product-152,Nippon Electric Glass,66.2,kg,S-Glass,2.44,1815.32,381.17,0.1407,2.35,Moderate,"RoHS, REACH",2025-02-04,2026-04-23
Fiberglass Product-153,Taishan Fiberglass,72.3,kg,C-Glass,2.53,2376.18,366.45,0.1659,3.95,Moderate,ISO 14001,2023-10-25,2026-03-30
Fiberglass Product-154,Owens Corning,71.82,kg,Carbon,2.52,3303.44,248.62,0.0949,2.88,Poor,"RoHS, REACH",2023-12-24,2026-10-22
Fiberglass Product-155,Nippon Electric Glass,29.74,kg,C-Glass,2.48,2861.88,293.08,0.1886,3.79,Good,ISO 14001,2024-09-14,2026-04-16
Fiberglass Product-156,Taishan Fiberglass,20.84,kg,Basalt,2.49,2394.69,498.34,0.0463,2.62,Good,"RoHS, REACH",2024-06-12,2027-03-21
Fiberglass Product-157,Johns Manville,75.61,kg,Carbon,2.44,2781.75,211.45,0.1535,4.19,Moderate,None,2024-11-05,2026-12-15
Fiberglass Product-158,Owens Corning,22.32,kg,S-Glass,2.43,2891.26,159.09,0.1875,4.13,Moderate,"RoHS, REACH",2023-12-20,2026-03-27
Fiberglass Product-159,Shangwei,85.84,kg,Carbon,2.41,1570.98,304.56,0.0582,1.65,Excellent,None,2024-12-01,2026-04-30
Fiberglass Product-160,CPIC,65.56,kg,E-Glass,2.47,2767.14,414.66,0.1678,3.41,Excellent,"RoHS, REACH",2023-07-16,2025-10-11
Fiberglass Product-161,Owens Corning,36.56,kg,C-Glass,2.42,2991.07,284.31,0.1985,2.92,Poor,None,2024-08-06,2026-04-11
Fiberglass Product-162,Owens Corning,17.15,kg,C-Glass,2.55,2064.11,147.83,0.0599,3.01,Moderate,None,2023-12-29,2025-12-20
Fiberglass Product-163,Saint-Gobain Vetrotex,31.75,kg,S-Glass,2.49,2919.02,456.45,0.0383,1.68,Good,"RoHS, REACH",2024-07-02,2027-06-19
Fiberglass Product-164,Shangwei,23.16,kg,Basalt,2.67,2630.37,127.92,0.0285,1.91,Poor,None,2025-01-03,2026-10-16
Fiberglass Product-165,Johns Manville,18.43,kg,Carbon,2.6,2293.72,325.58,0.1235,1.82,Poor,None,2023-10-11,2024-11-09
Fiberglass Product-166,China Jushi,92.21,kg,C-Glass,2.56,2430.46,125.63,0.0217,2.23,Moderate,None,2023-04-05,2025-12-09
Fiberglass Product-167,Taishan Fiberglass,58.94,kg,E-Glass,2.47,2103.42,445.64,0.1119,4.5,Excellent,"RoHS, REACH",2023-05-30,2024-06-08
Fiberglass Product-168,Saint-Gobain Vetrotex,41.54,kg,E-Glass,2.66,2122.08,494.94,0.1959,2.49,Moderate,ISO 14001,2023-03-31,2025-10-09
Fiberglass Product-169,Taishan Fiberglass,53.38,kg,Basalt,2.63,2082.58,116.13,0.1072,1.72,Excellent,"RoHS, REACH",2024-10-13,2026-12-28
Fiberglass Product-170,Shangwei,49.08,kg,Basalt,2.48,3051.4,458.39,0.0901,2.73,Excellent,ISO 14001,2024-01-26,2025-09-27
Fiberglass Product-171,Taishan Fiberglass,89.43,kg,Carbon,2.52,1832.94,240.08,0.1183,2.91,Poor,None,2024-09-22,2026-02-01
Fiberglass Product-172,Owens Corning,43.24,kg,Carbon,2.62,2213.88,304.79,0.1054,2.79,Good,None,2023-06-02,2025-04-19
Fiberglass Product-173,Shangwei,28.75,kg,S-Glass,2.67,2699.35,124.26,0.1451,3.45,Good,ISO 14001,2024-11-12,2026-08-30
Fiberglass Product-174,AGY,23.51,kg,Basalt,2.45,3313.16,292.43,0.1128,3.09,Good,None,2024-12-03,2027-09-18
Fiberglass Product-175,China Jushi,32.55,kg,C-Glass,2.69,3088.22,174.05,0.0923,1.67,Good,None,2024-03-12,2025-09-12
Fiberglass Product-176,Nippon Electric Glass,41.15,kg,E-Glass,2.46,1530.59,109.5,0.177,4.43,Good,ISO 14001,2024-02-21,2026-05-06
Fiberglass Product-177,Saint-Gobain Vetrotex,40.21,kg,E-Glass,2.65,2749.45,440.29,0.1971,3.3,Poor,ISO 14001,2023-06-22,2026-06-01
Fiberglass Product-178,Nippon Electric Glass,44.77,kg,S-Glass,2.53,2539.74,152.6,0.1329,4.34,Moderate,ISO 14001,2024-04-24,2027-02-13
Fiberglass Product-179,Owens Corning,33.38,kg,Carbon,2.56,2867.12,142.96,0.1797,3.81,Moderate,"RoHS, REACH",2024-06-17,2027-03-27
Fiberglass Product-180,Nippon Electric Glass,17.0,kg,C-Glass,2.61,2119.67,193.16,0.0573,2.48,Moderate,ISO 14001,2024-07-24,2027-03-15
Fiberglass Product-181,Shangwei,65.53,kg,Carbon,2.45,1897.94,486.03,0.0393,2.13,Good,None,2023-06-20,2024-10-17
Fiberglass Product-182,Taishan Fiberglass,10.77,kg,Basalt,2.64,2394.73,437.8,0.0613,4.13,Excellent,None,2023-12-16,2026-09-13
Fiberglass Product-183,CPIC,78.59,kg,Basalt,2.46,3447.08,453.39,0.102,4.16,Moderate,None,2024-08-27,2026-08-29
Fiberglass Product-184,Nippon Electric Glass,97.23,kg,S-Glass,2.64,3130.49,277.66,0.1961,2.76,Excellent,ISO 14001,2023-10-19,2025-02-18
Fiberglass Product-185,China Jushi,10.51,kg,E-Glass,2.42,2007.65,162.41,0.0502,2.69,Poor,ISO 14001,2024-06-28,2026-06-13
Fiberglass Product-186,Johns Manville,19.27,kg,Carbon,2.68,2638.39,477.32,0.1258,3.8,Good,ISO 14001,2024-08-09,2026-09-07
Fiberglass Product-187,Saint-Gobain Vetrotex,42.01,kg,Basalt,2.41,2123.09,386.13,0.0447,3.18,Poor,None,2024-06-16,2026-10-30
Fiberglass Product-188,Nippon Electric Glass,35.43,kg,C-Glass,2.41,1930.2,220.55,0.0507,4.07,Poor,ISO 14001,2024-12-08,2026-08-16
Fiberglass Product-189,Owens Corning,81.5,kg,S-Glass,2.61,2637.33,333.65,0.0791,4.27,Moderate,ISO 14001,2025-01-13,2026-01-27
Fiberglass Product-190,AGY,45.14,kg,Carbon,2.65,2479.05,270.44,0.0795,2.17,Excellent,"RoHS, REACH",2023-12-08,2025-04-28
Fiberglass Product-191,Taishan Fiberglass,11.67,kg,C-Glass,2.47,3250.73,459.46,0.0706,3.65,Good,ISO 14001,2024-01-05,2026-03-31
Fiberglass Product-192,3B-the Fibreglass Company,96.33,kg,E-Glass,2.41,1641.06,286.93,0.1051,1.75,Moderate,"RoHS, REACH",2024-08-26,2027-05-30
Fiberglass Product-193,3B-the Fibreglass Company,42.58,kg,S-Glass,2.53,1574.56,346.57,0.1209,3.26,Moderate,"RoHS, REACH",2024-10-27,2027-10-24
Fiberglass Product-194,Johns Manville,42.02,kg,Carbon,2.62,1817.48,291.65,0.0109,3.96,Poor,"RoHS, REACH",2023-08-08,2026-06-14
Fiberglass Product-195,Nippon Electric Glass,31.82,kg,E-Glass,2.59,2664.43,395.73,0.0596,2.97,Excellent,None,2024-12-29,2027-07-13
Fiberglass Product-196,Owens Corning,81.63,kg,S-Glass,2.67,1724.74,176.13,0.1817,2.37,Excellent,"RoHS, REACH",2025-01-18,2026-07-03
Fiberglass Product-197,3B-the Fibreglass Company,12.53,kg,E-Glass,2.43,1910.34,445.17,0.1139,4.34,Good,ISO 14001,2024-08-18,2027-01-17
Fiberglass Product-198,Johns Manville,47.72,kg,C-Glass,2.62,2163.25,277.2,0.0153,2.53,Poor,None,2024-07-18,2027-01-18
Fiberglass Product-199,AGY,19.06,kg,S-Glass,2.56,1696.52,382.8,0.1416,1.59,Moderate,"RoHS, REACH",2024-12-04,2027-11-24
Fiberglass Product-200,Shangwei,81.62,kg,Carbon,2.67,2210.24,316.22,0.1434,3.26,Excellent,"RoHS, REACH",2024-11-11,2026-12-12
Fiberglass Product-201,CPIC,28.18,kg,S-Glass,2.62,1844.64,236.9,0.1489,4.31,Excellent,ISO 14001,2024-06-01,2025-07-31
Fiberglass Product-202,Taishan Fiberglass,36.74,kg,C-Glass,2.62,1952.56,180.69,0.0143,3.19,Poor,None,2023-07-13,2025-01-07
Fiberglass Product-203,Saint-Gobain Vetrotex,89.85,kg,Carbon,2.45,2600.99,436.69,0.1387,2.32,Excellent,None,2024-01-11,2026-06-17
Fiberglass Product-204,Saint-Gobain Vetrotex,31.28,kg,S-Glass,2.59,1509.7,453.84,0.1554,3.09,Excellent,ISO 14001,2024-03-29,2027-02-05
Fiberglass Product-205,Shangwei,98.39,kg,C-Glass,2.53,3019.7,431.07,0.028,3.91,Moderate,ISO 14001,2023-10-16,2026-08-25
Fiberglass Product-206,Shangwei,12.87,kg,E-Glass,2.61,2588.91,295.99,0.1505,3.08,Moderate,ISO 14001,2023-11-07,2025-07-01
Fiberglass Product-207,CPIC,73.69,kg,Basalt,2.54,3291.09,348.61,0.1416,2.87,Poor,"RoHS, REACH",2025-01-18,2027-12-31
Fiberglass Product-208,3B-the Fibreglass Company,64.43,kg,E-Glass,2.56,3497.34,493.45,0.0997,2.89,Moderate,ISO 14001,2023-04-01,2025-08-18
Fiberglass Product-209,3B-the Fibreglass Company,15.47,kg,Basalt,2.42,2222.33,138.06,0.1851,4.48,Good,None,2023-12-02,2024-12-28
Fiberglass Product-210,Johns Manville,85.76,kg,Basalt,2.44,2855.49,259.48,0.0129,3.8,Moderate,None,2024-02-27,2026-10-08
Fiberglass Product-211,AGY,28.52,kg,S-Glass,2.48,3448.25,465.29,0.1819,3.56,Moderate,ISO 14001,2023-09-29,2024-12-15
Fiberglass Product-212,CPIC,78.9,kg,Carbon,2.57,2173.99,476.54,0.1045,4.31,Poor,ISO 14001,2023-04-16,2024-10-11
Fiberglass Product-213,Shangwei,85.96,kg,Carbon,2.63,2441.62,221.93,0.0577,3.34,Good,"RoHS, REACH",2024-03-15,2025-05-20
Fiberglass Product-214,China Jushi,26.27,kg,C-Glass,2.5,2736.44,152.35,0.0451,3.91,Moderate,ISO 14001,2024-03-28,2025-11-27
Fiberglass Product-215,China Jushi,60.28,kg,Basalt,2.6,2904.97,380.13,0.0956,2.5,Moderate,None,2024-10-19,2027-08-04
Fiberglass Product-216,Johns Manville,19.97,kg,C-Glass,2.46,2986.21,422.85,0.1687,3.64,Poor,ISO 14001,2023-10-03,2026-08-21
Fiberglass Product-217,Taishan Fiberglass,50.84,kg,C-Glass,2.61,2122.48,223.45,0.0987,2.4,Moderate,None,2025-02-14,2027-04-05
Fiberglass Product-218,3B-the Fibreglass Company,74.43,kg,S-Glass,2.58,1669.6,301.52,0.0992,3.23,Good,"RoHS, REACH",2023-09-03,2026-05-08
Fiberglass Product-219,AGY,35.8,kg,S-Glass,2.69,2104.1,460.87,0.1264,4.34,Poor,None,2023-05-27,2024-12-13
Fiberglass Product-220,AGY,85.86,kg,Carbon,2.47,3360.07,191.47,0.1129,4.46,Good,None,2024-03-09,2025-05-16
Fiberglass Product-221,Shangwei,12.27,kg,C-Glass,2.46,2329.1,258.98,0.1788,2.56,Poor,"RoHS, REACH",2025-02-11,2028-01-15
Fiberglass Product-222,AGY,37.4,kg,Basalt,2.57,1559.48,371.61,0.1914,4.07,Moderate,None,2025-02-14,2026-11-24
Fiberglass Product-223,CPIC,80.81,kg,E-Glass,2.47,1920.58,425.05,0.1306,4.32,Poor,None,2024-06-24,2027-05-10
Fiberglass Product-224,3B-the Fibreglass Company,52.21,kg,E-Glass,2.59,3156.84,294.81,0.1434,3.92,Poor,None,2024-09-02,2026-07-13
Fiberglass Product-225,Owens Corning,10.27,kg,Carbon,2.48,1683.13,438.94,0.0733,4.28,Moderate,ISO 14001,2023-06-24,2025-04-04
Fiberglass Product-226,3B-the Fibreglass Company,69.06,kg,Carbon,2.59,1933.83,425.28,0.1525,3.77,Moderate,"RoHS, REACH",2024-03-06,2026-06-19
Fiberglass Product-227,3B-the Fibreglass Company,19.88,kg,E-Glass,2.68,2899.95,242.39,0.1976,3.91,Excellent,None,2023-11-29,2026-01-11
Fiberglass Product-228,Saint-Gobain Vetrotex,18.96,kg,S-Glass,2.57,2108.98,102.81,0.0216,1.98,Good,"RoHS, REACH",2023-11-23,2025-12-03
Fiberglass Product-229,Taishan Fiberglass,79.54,kg,Carbon,2.54,2158.79,214.12,0.067,2.43,Moderate,None,2023-08-02,2024-12-17
Fiberglass Product-230,Saint-Gobain Vetrotex,47.62,kg,S-Glass,2.66,2887.83,254.53,0.1043,3.1,Poor,"RoHS, REACH",2023-04-04,2025-05-24
Fiberglass Product-231,Saint-Gobain Vetrotex,25.51,kg,E-Glass,2.61,1685.02,268.04,0.0135,1.74,Excellent,None,2024-12-19,2027-11-25
Fiberglass Product-232,Saint-Gobain Vetrotex,49.01,kg,S-Glass,2.46,2289.21,232.7,0.0111,4.26,Good,None,2024-05-20,2026-11-16
Fiberglass Product-233,Nippon Electric Glass,88.48,kg,C-Glass,2.54,2189.89,201.55,0.0369,2.44,Poor,"RoHS, REACH",2024-03-04,2026-04-20
Fiberglass Product-234,Nippon Electric Glass,60.28,kg,S-Glass,2.52,2983.16,262.14,0.1676,2.06,Good,"RoHS, REACH",2023-12-04,2025-08-01
Fiberglass Product-235,AGY,61.71,kg,Basalt,2.67,1949.94,239.81,0.0813,1.8,Poor,ISO 14001,2024-11-11,2027-10-17
Fiberglass Product-236,Johns Manville,73.65,kg,Carbon,2.4,2033.52,345.54,0.1802,1.67,Moderate,"RoHS, REACH",2024-11-04,2025-12-16
Fiberglass Product-237,Owens Corning,99.54,kg,C-Glass,2.43,1819.72,451.26,0.0763,3.04,Poor,"RoHS, REACH",2025-01-28,2026-04-17
Fiberglass Product-238,3B-the Fibreglass Company,33.35,kg,Basalt,2.62,1727.85,451.29,0.179,3.41,Poor,None,2023-12-15,2025-05-21
Fiberglass Product-239,Taishan Fiberglass,13.74,kg,Basalt,2.51,2981.86,119.57,0.0727,1.7,Excellent,"RoHS, REACH",2024-08-26,2026-03-24
Fiberglass Product-240,Shangwei,69.82,kg,Basalt,2.48,3357.04,216.73,0.1709,2.66,Moderate,ISO 14001,2023-07-07,2024-12-27
Fiberglass Product-241,Owens Corning,92.76,kg,E-Glass,2.56,2655.82,127.57,0.191,3.37,Poor,ISO 14001,2024-08-09,2026-05-12
Fiberglass Product-242,Nippon Electric Glass,72.57,kg,E-Glass,2.59,3404.82,127.15,0.0429,3.04,Excellent,ISO 14001,2023-09-07,2026-02-27
Fiberglass Product-243,Saint-Gobain Vetrotex,67.48,kg,Carbon,2.66,1793.19,431.88,0.1779,3.33,Poor,"RoHS, REACH",2023-09-21,2026-08-25
Fiberglass Product-244,Shangwei,39.86,kg,Carbon,2.51,1900.7,269.09,0.0679,2.33,Good,None,2024-06-23,2026-12-01
Fiberglass Product-245,Shangwei,62.7,kg,Carbon,2.44,2294.35,377.27,0.1655,2.17,Good,ISO 14001,2024-08-19,2026-02-19
Fiberglass Product-246,CPIC,56.06,kg,S-Glass,2.69,3042.44,256.17,0.0835,1.67,Moderate,None,2023-12-14,2025-02-08
Fiberglass Product-247,Shangwei,83.8,kg,C-Glass,2.57,3367.66,348.92,0.1782,1.77,Poor,None,2023-05-11,2025-07-31
Fiberglass Product-248,Johns Manville,90.55,kg,Basalt,2.64,2762.38,198.11,0.1851,4.48,Moderate,ISO 14001,2023-05-05,2024-07-31
Fiberglass Product-249,Shangwei,12.99,kg,S-Glass,2.44,3208.22,366.83,0.1487,2.73,Moderate,ISO 14001,2023-12-09,2024-12-15
Fiberglass Product-250,Saint-Gobain Vetrotex,87.55,kg,E-Glass,2.63,2716.91,318.38,0.0841,4.32,Excellent,None,2024-05-30,2026-10-02
Fiberglass Product-251,Johns Manville,83.29,kg,C-Glass,2.5,2920.2,413.51,0.0187,4.03,Moderate,ISO 14001,2024-02-18,2026-04-13
Fiberglass Product-252,Saint-Gobain Vetrotex,49.03,kg,Basalt,2.4,3469.79,121.8,0.03,4.29,Poor,ISO 14001,2024-07-20,2026-02-12
Fiberglass Product-253,Johns Manville,33.33,kg,C-Glass,2.6,1563.59,306.65,0.1453,1.71,Moderate,None,2024-03-02,2026-05-25
Fiberglass Product-254,3B-the Fibreglass Company,84.88,kg,E-Glass,2.44,2871.27,221.98,0.1711,2.03,Good,ISO 14001,2024-12-17,2026-11-24
Fiberglass Product-255,China Jushi,69.75,kg,S-Glass,2.43,1878.38,444.45,0.1829,4.38,Good,None,2025-01-02,2026-02-08
Fiberglass Product-256,Nippon Electric Glass,17.42,kg,S-Glass,2.47,2861.36,401.5,0.1424,3.21,Moderate,None,2024-12-20,2026-05-29
Fiberglass Product-257,Johns Manville,96.96,kg,S-Glass,2.45,1977.34,394.21,0.0272,3.63,Poor,ISO 14001,2025-01-05,2027-08-17
Fiberglass Product-258,China Jushi,41.59,kg,S-Glass,2.58,2818.47,418.54,0.1943,2.49,Poor,None,2024-07-11,2026-05-23
Fiberglass Product-259,Owens Corning,15.5,kg,E-Glass,2.43,2094.6,190.56,0.1974,2.19,Poor,"RoHS, REACH",2024-11-21,2026-06-10
Fiberglass Product-260,Johns Manville,55.57,kg,Carbon,2.4,2629.04,134.8,0.0876,2.49,Good,None,2023-12-11,2025-11-26
Fiberglass Product-261,Taishan Fiberglass,41.64,kg,S-Glass,2.51,1977.62,131.59,0.0514,3.17,Excellent,ISO 14001,2023-12-29,2025-07-14
Fiberglass Product-262,Taishan Fiberglass,16.48,kg,E-Glass,2.56,2074.17,361.25,0.1558,3.34,Moderate,ISO 14001,2024-12-12,2026-12-05
Fiberglass Product-263,Nippon Electric Glass,48.63,kg,Basalt,2.54,2035.89,397.63,0.1767,1.91,Excellent,ISO 14001,2024-07-10,2026-07-04
Fiberglass Product-264,Taishan Fiberglass,48.51,kg,E-Glass,2.68,2468.81,230.45,0.0445,2.93,Good,ISO 14001,2024-04-23,2026-09-01
Fiberglass Product-265,Shangwei,94.97,kg,Carbon,2.66,2031.21,129.33,0.1826,3.43,Moderate,"RoHS, REACH",2024-12-20,2026-01-01
Fiberglass Product-266,Owens Corning,42.95,kg,Basalt,2.64,1517.44,250.76,0.1889,3.19,Excellent,ISO 14001,2024-07-06,2025-11-07
Fiberglass Product-267,Taishan Fiberglass,57.41,kg,S-Glass,2.47,2608.55,443.14,0.1298,4.3,Good,None,2024-11-01,2027-10-13
Fiberglass Product-268,AGY,13.09,kg,C-Glass,2.45,2831.98,449.93,0.0925,2.47,Moderate,"RoHS, REACH",2024-01-02,2026-12-18
Fiberglass Product-269,AGY,51.41,kg,C-Glass,2.52,1912.29,264.73,0.1841,1.66,Poor,"RoHS, REACH",2024-08-30,2026-12-10
Fiberglass Product-270,AGY,12.28,kg,E-Glass,2.57,2081.16,305.48,0.0852,3.88,Excellent,ISO 14001,2023-05-28,2024-09-04
Fiberglass Product-271,Saint-Gobain Vetrotex,70.4,kg,Basalt,2.51,2340.39,133.67,0.084,2.64,Moderate,None,2023-06-27,2025-12-06
Fiberglass Product-272,3B-the Fibreglass Company,17.64,kg,Basalt,2.51,1597.91,464.06,0.057,2.14,Moderate,None,2024-11-25,2026-06-25
Fiberglass Product-273,Johns Manville,74.1,kg,S-Glass,2.4,2788.68,315.16,0.1137,3.81,Poor,None,2023-10-13,2025-11-07
Fiberglass Product-274,AGY,78.08,kg,S-Glass,2.65,3278.54,137.34,0.0576,2.86,Good,"RoHS, REACH",2023-12-21,2025-01-07
Fiberglass Product-275,3B-the Fibreglass Company,67.0,kg,S-Glass,2.59,2050.09,154.66,0.0486,3.59,Excellent,None,2024-01-11,2026-03-10
Fiberglass Product-276,Saint-Gobain Vetrotex,95.51,kg,E-Glass,2.41,1997.54,211.0,0.1573,3.41,Good,"RoHS, REACH",2024-08-16,2026-12-23
Fiberglass Product-277,Saint-Gobain Vetrotex,14.58,kg,Carbon,2.5,2805.49,490.76,0.173,2.27,Poor,"RoHS, REACH",2025-02-03,2027-03-03
Fiberglass Product-278,Nippon Electric Glass,69.15,kg,Basalt,2.63,1634.57,467.15,0.1062,3.57,Moderate,None,2024-12-06,2026-04-14
Fiberglass Product-279,AGY,67.89,kg,Carbon,2.45,3266.45,384.58,0.1907,2.09,Good,"RoHS, REACH",2023-05-05,2026-03-20
Fiberglass Product-280,3B-the Fibreglass Company,94.48,kg,S-Glass,2.54,2716.01,439.34,0.0365,2.96,Poor,ISO 14001,2024-04-16,2027-01-10
Fiberglass Product-281,Taishan Fiberglass,79.83,kg,Basalt,2.59,2131.41,187.54,0.1001,3.89,Moderate,"RoHS, REACH",2023-11-01,2025-01-14
Fiberglass Product-282,CPIC,79.18,kg,C-Glass,2.41,2124.68,103.87,0.1432,4.42,Good,ISO 14001,2023-04-09,2026-03-10
Fiberglass Product-283,Shangwei,22.37,kg,C-Glass,2.45,2304.4,121.41,0.1965,2.34,Good,None,2023-03-25,2025-08-21
Fiberglass Product-284,Saint-Gobain Vetrotex,20.11,kg,E-Glass,2.43,1526.42,475.95,0.1446,3.4,Moderate,"RoHS, REACH",2024-12-12,2027-01-19
Fiberglass Product-285,Owens Corning,80.37,kg,E-Glass,2.66,2650.46,204.87,0.0218,3.92,Good,None,2023-03-30,2025-06-06
Fiberglass Product-286,Taishan Fiberglass,96.65,kg,Basalt,2.41,2076.83,232.94,0.0849,2.04,Moderate,ISO 14001,2023-06-16,2024-09-01
Fiberglass Product-287,3B-the Fibreglass Company,93.13,kg,C-Glass,2.52,2167.51,136.55,0.1582,3.84,Good,ISO 14001,2023-07-14,2024-12-28
Fiberglass Product-288,Taishan Fiberglass,32.82,kg,S-Glass,2.51,1650.4,170.52,0.0316,4.23,Moderate,ISO 14001,2024-09-28,2025-10-15
Fiberglass Product-289,AGY,35.6,kg,S-Glass,2.64,2513.65,140.08,0.1436,1.96,Poor,None,2024-08-13,2027-03-27
Fiberglass Product-290,CPIC,86.21,kg,S-Glass,2.54,2135.98,197.19,0.1744,3.59,Good,ISO 14001,2025-02-10,2028-01-12
Fiberglass Product-291,Johns Manville,12.44,kg,Basalt,2.48,2841.9,401.87,0.117,2.94,Moderate,None,2023-08-04,2026-05-14
Fiberglass Product-292,Nippon Electric Glass,30.83,kg,S-Glass,2.59,2150.17,345.75,0.021,1.59,Good,"RoHS, REACH",2023-04-11,2026-01-04
Fiberglass Product-293,CPIC,33.29,kg,Carbon,2.46,2906.74,110.53,0.0392,2.35,Good,ISO 14001,2023-06-15,2026-02-28
Fiberglass Product-294,CPIC,77.3,kg,S-Glass,2.66,2144.38,212.68,0.1778,2.06,Good,None,2024-10-28,2027-03-01
Fiberglass Product-295,CPIC,37.92,kg,S-Glass,2.41,2598.16,419.36,0.0852,3.18,Moderate,None,2023-07-09,2025-12-01
Fiberglass Product-296,Shangwei,40.83,kg,E-Glass,2.64,2667.98,249.7,0.1111,3.75,Poor,"RoHS, REACH",2023-05-03,2024-10-11
Fiberglass Product-297,Nippon Electric Glass,33.18,kg,C-Glass,2.52,2488.49,271.82,0.1002,2.3,Poor,ISO 14001,2023-05-29,2026-05-19
Fiberglass Product-298,Owens Corning,93.57,kg,C-Glass,2.52,3133.61,445.63,0.0643,4.46,Moderate,ISO 14001,2024-11-09,2027-07-09
Fiberglass Product-299,Nippon Electric Glass,11.51,kg,Carbon,2.59,2116.62,447.57,0.0239,1.52,Moderate,"RoHS, REACH",2024-03-18,2025-05-25
Fiberglass Product-300,Saint-Gobain Vetrotex,59.39,kg,Basalt,2.45,2556.73,188.82,0.059,4.11,Excellent,None,2024-06-30,2026-08-15
Fiberglass Product-301,3B-the Fibreglass Company,30.55,kg,Basalt,2.52,2354.59,490.55,0.0312,2.22,Excellent,None,2023-07-04,2025-07-14
Fiberglass Product-302,CPIC,37.64,kg,S-Glass,2.52,2081.23,486.52,0.1361,2.95,Poor,"RoHS, REACH",2023-03-30,2024-11-05
Fiberglass Product-303,China Jushi,61.53,kg,S-Glass,2.6,3337.57,403.42,0.097,3.74,Good,"RoHS, REACH",2024-07-23,2026-12-26
Fiberglass Product-304,3B-the Fibreglass Company,63.24,kg,Carbon,2.47,3253.84,456.4,0.0666,2.42,Good,ISO 14001,2024-09-07,2026-11-22
Fiberglass Product-305,Owens Corning,67.83,kg,C-Glass,2.52,1708.19,398.84,0.1463,2.91,Moderate,"RoHS, REACH",2023-07-18,2025-11-26
Fiberglass Product-306,CPIC,17.41,kg,Basalt,2.63,3095.76,266.55,0.0953,3.52,Good,ISO 14001,2023-05-01,2024-07-03
Fiberglass Product-307,Taishan Fiberglass,93.93,kg,Carbon,2.61,1927.99,307.88,0.188,2.6,Moderate,None,2024-08-02,2027-05-31
Fiberglass Product-308,Saint-Gobain Vetrotex,67.24,kg,E-Glass,2.64,3196.81,273.09,0.1986,1.76,Moderate,"RoHS, REACH",2024-11-07,2026-03-02
Fiberglass Product-309,Johns Manville,90.75,kg,Carbon,2.64,2071.99,429.29,0.111,2.67,Poor,None,2024-11-08,2026-05-29
Fiberglass Product-310,China Jushi,84.02,kg,S-Glass,2.44,3427.04,220.64,0.0112,3.15,Excellent,"RoHS, REACH",2024-10-09,2026-12-19
Fiberglass Product-311,3B-the Fibreglass Company,85.79,kg,Basalt,2.6,2883.85,492.16,0.0152,1.9,Excellent,"RoHS, REACH",2024-08-17,2027-03-11
Fiberglass Product-312,AGY,80.54,kg,Basalt,2.42,2031.1,237.43,0.1353,2.25,Good,ISO 14001,2023-06-22,2026-06-05
Fiberglass Product-313,Shangwei,49.26,kg,Carbon,2.53,1671.28,188.15,0.0866,1.9,Excellent,ISO 14001,2023-07-26,2026-05-01
Fiberglass Product-314,Owens Corning,80.56,kg,Basalt,2.53,3278.83,469.31,0.1641,2.13,Moderate,ISO 14001,2023-07-19,2025-03-26
Fiberglass Product-315,AGY,26.27,kg,Basalt,2.58,1738.05,167.91,0.0279,1.53,Poor,None,2025-01-25,2027-10-16
Fiberglass Product-316,3B-the Fibreglass Company,62.18,kg,S-Glass,2.47,3292.31,335.13,0.1325,2.27,Excellent,None,2023-04-18,2024-08-06
Fiberglass Product-317,Owens Corning,28.1,kg,C-Glass,2.52,1738.1,363.54,0.0971,4.28,Excellent,None,2024-04-13,2026-03-21
Fiberglass Product-318,Johns Manville,41.1,kg,E-Glass,2.6,3019.17,225.66,0.1081,4.07,Moderate,ISO 14001,2024-12-10,2027-07-27
Fiberglass Product-319,CPIC,51.11,kg,C-Glass,2.52,3039.96,387.71,0.0281,2.94,Poor,"RoHS, REACH",2023-09-01,2026-08-07
Fiberglass Product-320,CPIC,48.25,kg,E-Glass,2.56,2189.31,151.4,0.1884,1.85,Poor,"RoHS, REACH",2025-02-15,2028-01-02
Fiberglass Product-321,AGY,16.13,kg,E-Glass,2.62,2752.61,208.93,0.0222,1.89,Excellent,ISO 14001,2023-09-04,2026-04-20
Fiberglass Product-322,AGY,18.02,kg,Carbon,2.57,3072.52,354.8,0.1931,4.13,Excellent,None,2023-04-04,2024-10-15
Fiberglass Product-323,Owens Corning,28.5,kg,Basalt,2.64,3172.8,316.38,0.1458,3.97,Excellent,"RoHS, REACH",2024-01-20,2025-05-22
Fiberglass Product-324,Taishan Fiberglass,92.91,kg,E-Glass,2.52,2266.5,242.89,0.1845,2.73,Excellent,ISO 14001,2024-12-17,2027-10-22
Fiberglass Product-325,CPIC,92.06,kg,C-Glass,2.53,2244.68,194.64,0.1838,1.78,Moderate,"RoHS, REACH",2023-06-02,2025-10-09
Fiberglass Product-326,Johns Manville,22.78,kg,S-Glass,2.58,2486.15,361.81,0.1106,3.84,Excellent,ISO 14001,2023-09-25,2025-07-30
Fiberglass Product-327,Johns Manville,22.47,kg,C-Glass,2.65,2771.96,194.5,0.1252,2.49,Good,"RoHS, REACH",2024-09-22,2027-07-23
Fiberglass Product-328,Saint-Gobain Vetrotex,79.1,kg,Carbon,2.57,2571.4,209.32,0.1043,2.47,Poor,ISO 14001,2023-12-16,2025-08-06
Fiberglass Product-329,Johns Manville,59.96,kg,Basalt,2.44,1801.01,288.32,0.1862,3.74,Excellent,ISO 14001,2024-10-19,2027-09-23
Fiberglass Product-330,Johns Manville,81.49,kg,Carbon,2.5,2350.71,266.09,0.1222,2.65,Excellent,"RoHS, REACH",2023-07-06,2024-09-17
Fiberglass Product-331,Nippon Electric Glass,41.13,kg,S-Glass,2.64,1715.53,364.7,0.1742,2.29,Good,None,2024-02-02,2026-12-13
Fiberglass Product-332,China Jushi,71.56,kg,E-Glass,2.55,1764.78,101.67,0.1156,1.95,Poor,"RoHS, REACH",2023-05-07,2024-08-06
Fiberglass Product-333,Johns Manville,55.61,kg,S-Glass,2.51,3303.49,351.6,0.0596,4.3,Good,ISO 14001,2024-12-01,2027-09-23
Fiberglass Product-334,CPIC,70.37,kg,S-Glass,2.46,2720.7,268.79,0.1085,4.21,Moderate,"RoHS, REACH",2024-07-05,2026-10-18
Fiberglass Product-335,Johns Manville,14.04,kg,C-Glass,2.69,1860.47,244.11,0.0712,4.49,Good,"RoHS, REACH",2023-09-17,2025-07-13
Fiberglass Product-336,Shangwei,31.8,kg,C-Glass,2.4,2032.08,152.34,0.1369,4.49,Moderate,"RoHS, REACH",2023-06-10,2026-05-28
Fiberglass Product-337,Saint-Gobain Vetrotex,60.82,kg,Carbon,2.68,3392.34,255.97,0.0424,4.19,Poor,ISO 14001,2024-07-30,2025-08-15
Fiberglass Product-338,Owens Corning,38.41,kg,S-Glass,2.41,2858.8,469.67,0.0321,3.29,Excellent,ISO 14001,2023-09-08,2026-05-01
Fiberglass Product-339,Shangwei,31.88,kg,E-Glass,2.67,2644.19,284.55,0.0128,4.2,Poor,None,2024-05-01,2025-07-28
Fiberglass Product-340,Nippon Electric Glass,47.17,kg,S-Glass,2.45,2882.56,120.74,0.1535,3.56,Poor,None,2025-02-15,2026-03-18
Fiberglass Product-341,Johns Manville,12.93,kg,E-Glass,2.42,3440.88,321.24,0.0279,1.81,Moderate,ISO 14001,2023-10-30,2025-03-02
Fiberglass Product-342,Shangwei,83.9,kg,Basalt,2.53,2741.96,176.08,0.0589,2.03,Moderate,None,2023-04-18,2025-05-22
Fiberglass Product-343,Taishan Fiberglass,54.31,kg,Basalt,2.65,2588.84,170.66,0.1323,3.31,Poor,ISO 14001,2023-08-24,2026-07-16
Fiberglass Product-344,Shangwei,98.42,kg,C-Glass,2.64,1626.29,241.69,0.1284,3.93,Moderate,"RoHS, REACH",2024-12-20,2026-03-18
Fiberglass Product-345,Shangwei,61.31,kg,S-Glass,2.43,3088.48,474.67,0.1683,3.7,Good,None,2023-05-13,2026-03-20
Fiberglass Product-346,3B-the Fibreglass Company,35.56,kg,S-Glass,2.53,2077.68,267.22,0.0807,4.14,Moderate,None,2024-04-12,2025-12-16
Fiberglass Product-347,Saint-Gobain Vetrotex,45.42,kg,S-Glass,2.67,2872.25,408.0,0.1173,3.25,Good,"RoHS, REACH",2023-07-02,2024-12-04
Fiberglass Product-348,3B-the Fibreglass Company,73.79,kg,C-Glass,2.41,2752.11,426.27,0.1856,3.99,Good,None,2025-02-08,2026-12-19
Fiberglass Product-349,Shangwei,83.84,kg,Basalt,2.42,3180.37,151.45,0.1082,2.92,Poor,None,2024-04-06,2026-05-21
Fiberglass Product-350,AGY,68.55,kg,S-Glass,2.57,3144.09,288.65,0.1204,3.78,Excellent,ISO 14001,2024-03-28,2025-08-27
Fiberglass Product-351,Nippon Electric Glass,61.05,kg,C-Glass,2.61,2512.95,436.94,0.1308,3.84,Poor,None,2024-08-18,2026-01-07
Fiberglass Product-352,CPIC,75.76,kg,E-Glass,2.69,2240.57,308.08,0.1984,3.96,Excellent,ISO 14001,2024-08-31,2026-09-11
Fiberglass Product-353,Nippon Electric Glass,53.45,kg,S-Glass,2.59,2839.26,317.44,0.1588,3.68,Poor,ISO 14001,2023-04-02,2025-06-12
Fiberglass Product-354,CPIC,13.96,kg,Basalt,2.57,2226.41,215.8,0.1773,1.74,Poor,None,2024-10-28,2027-06-14
Fiberglass Product-355,China Jushi,87.35,kg,E-Glass,2.4,2540.82,237.96,0.1021,2.43,Moderate,"RoHS, REACH",2024-12-25,2027-10-02
Fiberglass Product-356,Saint-Gobain Vetrotex,31.76,kg,E-Glass,2.53,2383.17,128.91,0.0943,1.52,Excellent,ISO 14001,2023-09-13,2025-06-24
Fiberglass Product-357,Johns Manville,77.04,kg,E-Glass,2.55,2992.71,103.84,0.0642,2.94,Moderate,"RoHS, REACH",2024-12-21,2026-07-03
Fiberglass Product-358,China Jushi,12.22,kg,Carbon,2.64,2993.42,111.42,0.1744,3.53,Moderate,None,2023-11-18,2025-07-13
Fiberglass Product-359,Saint-Gobain Vetrotex,57.96,kg,C-Glass,2.52,3211.79,408.04,0.1547,2.01,Poor,None,2024-07-07,2026-06-01
Fiberglass Product-360,China Jushi,96.17,kg,Carbon,2.45,3305.06,310.32,0.1879,4.08,Good,ISO 14001,2023-12-13,2025-02-20
Fiberglass Product-361,Johns Manville,67.22,kg,C-Glass,2.66,2980.87,321.24,0.0147,2.83,Moderate,"RoHS, REACH",2024-05-10,2025-08-08
Fiberglass Product-362,Nippon Electric Glass,80.27,kg,C-Glass,2.52,2360.96,412.08,0.1508,1.57,Excellent,ISO 14001,2023-11-04,2025-06-18
Fiberglass Product-363,3B-the Fibreglass Company,50.59,kg,Carbon,2.54,3416.76,271.61,0.0137,2.37,Good,"RoHS, REACH",2024-01-13,2026-09-21
Fiberglass Product-364,Johns Manville,88.94,kg,Carbon,2.49,2851.94,345.08,0.0644,3.86,Poor,"RoHS, REACH",2024-11-13,2026-06-24
Fiberglass Product-365,China Jushi,42.06,kg,Carbon,2.55,3323.64,304.37,0.1796,4.05,Poor,None,2023-07-23,2026-07-04
Fiberglass Product-366,Owens Corning,64.19,kg,C-Glass,2.61,2775.66,319.58,0.0758,3.59,Good,ISO 14001,2024-08-13,2027-07-27
Fiberglass Product-367,Taishan Fiberglass,59.15,kg,S-Glass,2.52,2173.29,458.33,0.0701,2.18,Poor,ISO 14001,2024-02-23,2025-04-12
Fiberglass Product-368,Owens Corning,65.76,kg,E-Glass,2.49,2722.63,114.72,0.0333,2.41,Poor,"RoHS, REACH",2023-05-16,2025-04-28
Fiberglass Product-369,AGY,76.77,kg,Basalt,2.63,2845.49,416.13,0.0506,2.45,Moderate,"RoHS, REACH",2023-04-06,2025-08-18
Fiberglass Product-370,AGY,76.29,kg,Basalt,2.4,2196.67,134.91,0.0758,4.21,Excellent,None,2024-11-14,2027-07-11
Fiberglass Product-371,China Jushi,31.9,kg,C-Glass,2.57,2367.8,151.13,0.1734,4.37,Poor,None,2023-06-29,2026-04-30
Fiberglass Product-372,China Jushi,90.29,kg,C-Glass,2.42,2556.18,147.24,0.1855,3.62,Moderate,None,2023-05-20,2026-03-20
Fiberglass Product-373,Johns Manville,93.57,kg,Basalt,2.52,1695.64,471.74,0.0853,1.77,Poor,None,2024-03-05,2026-11-11
Fiberglass Product-374,China Jushi,50.45,kg,Carbon,2.65,2966.4,134.51,0.0675,1.79,Poor,None,2023-05-18,2024-09-21
Fiberglass Product-375,Taishan Fiberglass,64.41,kg,E-Glass,2.57,1943.99,188.44,0.1268,3.02,Moderate,"RoHS, REACH",2025-01-27,2027-09-18
Fiberglass Product-376,Johns Manville,61.7,kg,E-Glass,2.66,2095.58,157.01,0.0548,4.22,Excellent,"RoHS, REACH",2024-10-20,2026-01-27
Fiberglass Product-377,China Jushi,31.04,kg,E-Glass,2.43,2095.33,309.15,0.1239,2.23,Moderate,None,2023-10-05,2026-07-30
Fiberglass Product-378,Owens Corning,16.63,kg,C-Glass,2.52,2090.08,312.76,0.1388,3.59,Moderate,ISO 14001,2024-04-09,2025-05-29
Fiberglass Product-379,China Jushi,15.12,kg,E-Glass,2.41,2821.9,329.29,0.1154,2.96,Excellent,"RoHS, REACH",2024-04-20,2025-08-30
Fiberglass Product-380,AGY,79.02,kg,Basalt,2.6,2870.3,258.05,0.0779,2.93,Good,ISO 14001,2023-09-14,2026-06-07
Fiberglass Product-381,China Jushi,69.11,kg,E-Glass,2.59,3244.9,359.86,0.1948,4.25,Moderate,None,2025-02-03,2027-05-31
Fiberglass Product-382,3B-the Fibreglass Company,64.93,kg,C-Glass,2.59,1710.17,257.26,0.1493,2.29,Good,ISO 14001,2024-11-10,2027-04-27
Fiberglass Product-383,Johns Manville,56.09,kg,Basalt,2.52,2711.49,347.17,0.0521,2.76,Good,None,2024-04-18,2026-06-03
Fiberglass Product-384,Shangwei,92.22,kg,S-Glass,2.49,2298.18,312.77,0.1229,2.4,Good,ISO 14001,2024-08-16,2025-11-19
Fiberglass Product-385,AGY,41.1,kg,Basalt,2.54,1990.2,220.08,0.0894,3.0,Poor,None,2024-08-29,2027-02-26
Fiberglass Product-386,Saint-Gobain Vetrotex,17.69,kg,Basalt,2.51,1606.31,442.41,0.0215,1.55,Good,"RoHS, REACH",2025-02-03,2027-12-01
Fiberglass Product-387,3B-the Fibreglass Company,23.24,kg,E-Glass,2.41,3259.14,155.15,0.0553,3.75,Excellent,None,2023-12-30,2025-06-17
Fiberglass Product-388,Owens Corning,45.75,kg,C-Glass,2.68,2974.42,374.63,0.1463,3.32,Excellent,ISO 14001,2023-07-20,2025-07-01
Fiberglass Product-389,Johns Manville,61.78,kg,S-Glass,2.6,3285.12,218.87,0.0728,1.59,Excellent,None,2023-11-04,2026-03-13
Fiberglass Product-390,Taishan Fiberglass,18.22,kg,E-Glass,2.6,1998.43,399.17,0.1176,4.05,Poor,"RoHS, REACH",2023-10-15,2025-06-12
Fiberglass Product-391,China Jushi,91.03,kg,C-Glass,2.45,1549.53,357.52,0.1276,2.77,Moderate,"RoHS, REACH",2024-08-10,2026-03-02
Fiberglass Product-392,Shangwei,79.64,kg,Carbon,2.44,3310.74,303.79,0.0585,4.33,Moderate,"RoHS, REACH",2024-01-12,2025-11-24
Fiberglass Product-393,Owens Corning,14.19,kg,Basalt,2.55,1894.77,207.46,0.1317,2.16,Poor,"RoHS, REACH",2023-08-24,2026-04-07
Fiberglass Product-394,AGY,30.22,kg,Carbon,2.63,2538.89,212.94,0.0849,3.19,Moderate,ISO 14001,2024-05-27,2026-03-27
Fiberglass Product-395,3B-the Fibreglass Company,87.49,kg,E-Glass,2.5,2770.94,182.52,0.1133,2.91,Moderate,"RoHS, REACH",2024-02-12,2026-04-08
Fiberglass Product-396,Saint-Gobain Vetrotex,92.25,kg,S-Glass,2.69,3460.11,178.92,0.1862,4.31,Excellent,"RoHS, REACH",2023-08-03,2025-02-04
Fiberglass Product-397,Shangwei,45.78,kg,Carbon,2.48,2540.19,402.9,0.084,3.58,Good,ISO 14001,2024-05-05,2026-08-27
Fiberglass Product-398,Saint-Gobain Vetrotex,66.44,kg,E-Glass,2.6,3095.79,166.62,0.0924,2.61,Poor,None,2023-11-10,2026-06-14
Fiberglass Product-399,AGY,23.15,kg,Basalt,2.61,1773.57,244.84,0.1138,1.6,Excellent,None,2024-11-07,2026-06-02
Fiberglass Product-400,CPIC,98.86,kg,E-Glass,2.4,2025.13,192.33,0.0437,1.9,Poor,None,2024-01-17,2026-06-17
Fiberglass Product-401,Taishan Fiberglass,43.38,kg,S-Glass,2.52,1526.82,444.82,0.0989,4.0,Moderate,"RoHS, REACH",2024-05-16,2027-02-19
Fiberglass Product-402,AGY,21.03,kg,Carbon,2.64,2279.21,260.79,0.1582,4.09,Poor,None,2024-03-02,2025-11-20
Fiberglass Product-403,Saint-Gobain Vetrotex,51.67,kg,Basalt,2.68,1729.67,426.53,0.1799,4.08,Moderate,None,2025-02-13,2026-08-18
Fiberglass Product-404,CPIC,22.96,kg,S-Glass,2.56,1803.65,106.53,0.0247,4.08,Moderate,None,2023-07-29,2026-02-16
Fiberglass Product-405,Saint-Gobain Vetrotex,69.5,kg,Carbon,2.64,2511.56,433.68,0.1735,3.81,Excellent,None,2023-07-07,2025-09-15
Fiberglass Product-406,Johns Manville,76.18,kg,Basalt,2.6,3310.16,120.97,0.1483,3.14,Moderate,ISO 14001,2024-01-26,2025-10-26
Fiberglass Product-407,CPIC,59.11,kg,Carbon,2.58,2701.15,130.16,0.1023,3.69,Poor,ISO 14001,2023-06-04,2025-04-15
Fiberglass Product-408,Johns Manville,16.33,kg,S-Glass,2.53,3389.63,330.99,0.1781,3.91,Poor,None,2023-09-18,2025-08-02
Fiberglass Product-409,AGY,75.51,kg,Carbon,2.52,1634.07,183.61,0.1213,2.78,Moderate,ISO 14001,2023-10-28,2025-01-16
Fiberglass Product-410,Owens Corning,26.85,kg,E-Glass,2.5,1792.43,345.06,0.1548,4.24,Poor,"RoHS, REACH",2025-02-04,2026-12-09
Fiberglass Product-411,Johns Manville,16.94,kg,C-Glass,2.61,2640.3,400.56,0.0321,3.29,Moderate,None,2024-01-01,2025-03-17
Fiberglass Product-412,Johns Manville,73.81,kg,S-Glass,2.41,1661.22,376.78,0.0155,1.9,Excellent,None,2024-05-01,2026-04-05
Fiberglass Product-413,Johns Manville,38.74,kg,Basalt,2.55,1775.35,317.78,0.1693,2.73,Moderate,ISO 14001,2024-11-02,2026-01-15
Fiberglass Product-414,Shangwei,49.64,kg,C-Glass,2.54,3304.91,257.02,0.1648,2.94,Excellent,"RoHS, REACH",2023-09-05,2025-04-29
Fiberglass Product-415,CPIC,34.8,kg,Carbon,2.65,1847.13,400.85,0.0312,2.32,Good,"RoHS, REACH",2024-04-01,2026-04-19
Fiberglass Product-416,CPIC,85.85,kg,Basalt,2.59,2570.71,105.01,0.1575,1.59,Excellent,"RoHS, REACH",2023-08-17,2025-10-19
Fiberglass Product-417,AGY,99.33,kg,C-Glass,2.41,3147.57,403.51,0.0577,2.3,Poor,None,2023-09-11,2025-10-11
Fiberglass Product-418,Saint-Gobain Vetrotex,74.62,kg,E-Glass,2.54,2387.94,131.72,0.0166,1.83,Excellent,ISO 14001,2023-07-26,2025-05-17
Fiberglass Product-419,3B-the Fibreglass Company,45.36,kg,S-Glass,2.69,2363.63,411.58,0.0534,2.22,Good,ISO 14001,2023-07-13,2025-07-22
Fiberglass Product-420,Nippon Electric Glass,17.88,kg,S-Glass,2.5,2493.5,107.21,0.0842,3.23,Poor,None,2024-06-21,2026-04-24
Fiberglass Product-421,3B-the Fibreglass Company,83.18,kg,E-Glass,2.47,2024.74,277.76,0.0718,3.99,Poor,ISO 14001,2024-02-26,2026-06-28
Fiberglass Product-422,Saint-Gobain Vetrotex,77.35,kg,S-Glass,2.45,2683.37,440.67,0.1409,2.33,Moderate,None,2023-06-08,2026-04-20
Fiberglass Product-423,Shangwei,30.31,kg,Carbon,2.43,2340.15,408.73,0.0195,1.68,Poor,None,2024-10-15,2027-07-27
Fiberglass Product-424,3B-the Fibreglass Company,70.17,kg,Basalt,2.5,3402.88,192.84,0.0505,1.88,Excellent,None,2024-06-24,2026-10-15
Fiberglass Product-425,Johns Manville,78.4,kg,Basalt,2.65,2193.48,197.0,0.0827,1.62,Poor,"RoHS, REACH",2023-09-15,2026-05-03
Fiberglass Product-426,CPIC,25.24,kg,Basalt,2.64,3127.09,479.41,0.1,3.08,Excellent,ISO 14001,2023-10-31,2026-07-03
Fiberglass Product-427,Owens Corning,14.55,kg,E-Glass,2.54,2037.01,289.14,0.1777,3.73,Excellent,"RoHS, REACH",2023-10-25,2026-10-04
Fiberglass Product-428,Nippon Electric Glass,99.56,kg,Basalt,2.58,2888.43,207.76,0.0352,2.89,Good,ISO 14001,2024-04-27,2026-07-15
Fiberglass Product-429,China Jushi,13.52,kg,Basalt,2.49,2067.68,341.43,0.1965,3.33,Good,ISO 14001,2024-10-03,2027-03-28
Fiberglass Product-430,China Jushi,56.15,kg,C-Glass,2.51,3404.28,279.82,0.022,1.53,Excellent,"RoHS, REACH",2023-08-31,2026-08-23
Fiberglass Product-431,China Jushi,73.54,kg,E-Glass,2.53,2422.62,279.54,0.0984,2.85,Moderate,"RoHS, REACH",2023-07-07,2025-07-07
Fiberglass Product-432,Taishan Fiberglass,99.74,kg,Carbon,2.62,1714.64,252.54,0.145,2.27,Moderate,ISO 14001,2024-11-11,2027-05-14
Fiberglass Product-433,Taishan Fiberglass,11.38,kg,Basalt,2.51,2836.37,421.65,0.199,1.95,Good,ISO 14001,2025-01-28,2027-01-03
Fiberglass Product-434,Nippon Electric Glass,50.87,kg,Basalt,2.62,2390.44,312.79,0.1189,2.35,Moderate,ISO 14001,2024-04-05,2026-12-02
Fiberglass Product-435,AGY,95.57,kg,Basalt,2.56,2092.13,151.29,0.1417,3.07,Moderate,None,2024-07-18,2026-04-03
Fiberglass Product-436,3B-the Fibreglass Company,47.14,kg,Carbon,2.59,3223.08,462.52,0.118,2.35,Good,"RoHS, REACH",2024-08-01,2027-07-25
Fiberglass Product-437,Johns Manville,71.04,kg,Carbon,2.44,2296.32,404.51,0.1368,4.06,Excellent,"RoHS, REACH",2023-10-16,2025-01-25
Fiberglass Product-438,CPIC,30.54,kg,S-Glass,2.44,2288.26,131.27,0.191,2.61,Good,ISO 14001,2024-04-20,2027-03-07
Fiberglass Product-439,CPIC,73.63,kg,S-Glass,2.45,2410.13,493.96,0.1331,2.78,Poor,None,2023-10-27,2025-08-18
Fiberglass Product-440,Saint-Gobain Vetrotex,11.9,kg,Carbon,2.66,1808.79,471.32,0.1511,2.0,Excellent,None,2025-02-13,2027-01-24
Fiberglass Product-441,3B-the Fibreglass Company,83.31,kg,E-Glass,2.43,2185.49,229.5,0.0369,4.44,Excellent,"RoHS, REACH",2024-10-26,2027-05-30
Fiberglass Product-442,Shangwei,63.87,kg,Carbon,2.54,2085.54,246.49,0.1765,2.65,Good,None,2023-06-23,2025-07-21
Fiberglass Product-443,3B-the Fibreglass Company,20.0,kg,S-Glass,2.61,3075.88,214.77,0.0244,4.0,Good,None,2024-05-08,2026-01-07
Fiberglass Product-444,Saint-Gobain Vetrotex,38.12,kg,C-Glass,2.68,3263.94,172.86,0.1736,4.4,Moderate,None,2024-07-28,2026-10-01
Fiberglass Product-445,Owens Corning,48.75,kg,S-Glass,2.61,3176.98,369.43,0.0279,2.45,Poor,"RoHS, REACH",2024-08-06,2025-08-22
Fiberglass Product-446,Taishan Fiberglass,41.56,kg,E-Glass,2.52,3313.2,168.55,0.1403,2.0,Good,ISO 14001,2024-04-08,2025-09-21
Fiberglass Product-447,Saint-Gobain Vetrotex,27.49,kg,Carbon,2.48,1726.94,305.05,0.1784,3.07,Excellent,"RoHS, REACH",2024-03-03,2026-07-22
Fiberglass Product-448,CPIC,88.3,kg,E-Glass,2.61,3482.55,477.8,0.0418,4.28,Poor,None,2023-09-30,2026-06-24
Fiberglass Product-449,Shangwei,86.31,kg,C-Glass,2.44,1616.43,327.66,0.1316,2.69,Excellent,"RoHS, REACH",2024-07-05,2026-09-18
Fiberglass Product-450,3B-the Fibreglass Company,45.57,kg,E-Glass,2.44,2012.0,490.82,0.184,4.45,Moderate,ISO 14001,2024-06-27,2026-02-20
Fiberglass Product-451,Nippon Electric Glass,23.7,kg,Basalt,2.53,2598.17,488.73,0.0156,4.28,Excellent,"RoHS, REACH",2023-08-04,2025-11-17
Fiberglass Product-452,Nippon Electric Glass,52.17,kg,E-Glass,2.66,2269.27,394.75,0.015,4.16,Poor,ISO 14001,2024-07-21,2025-09-24
Fiberglass Product-453,AGY,62.97,kg,E-Glass,2.57,1513.53,462.76,0.0448,4.27,Moderate,None,2023-07-18,2026-01-06
Fiberglass Product-454,3B-the Fibreglass Company,77.06,kg,Basalt,2.56,1651.45,416.12,0.0512,3.99,Good,None,2024-04-05,2026-11-24
Fiberglass Product-455,Shangwei,66.69,kg,Basalt,2.44,2285.89,332.7,0.0211,2.54,Good,ISO 14001,2024-03-28,2026-03-25
Fiberglass Product-456,Owens Corning,88.02,kg,S-Glass,2.5,1705.35,450.23,0.0392,2.98,Moderate,"RoHS, REACH",2024-07-08,2025-11-28
Fiberglass Product-457,Owens Corning,57.51,kg,Carbon,2.58,2994.78,293.21,0.0696,2.16,Excellent,ISO 14001,2024-09-13,2026-12-04
Fiberglass Product-458,Shangwei,70.87,kg,S-Glass,2.5,2083.78,301.44,0.0333,1.92,Moderate,"RoHS, REACH",2023-05-19,2025-02-09
Fiberglass Product-459,CPIC,46.09,kg,S-Glass,2.67,2849.59,232.89,0.1142,4.44,Good,"RoHS, REACH",2024-02-10,2026-03-14
Fiberglass Product-460,Johns Manville,30.64,kg,Basalt,2.42,2936.07,343.23,0.1326,1.71,Excellent,ISO 14001,2024-06-15,2027-05-08
Fiberglass Product-461,China Jushi,95.13,kg,Basalt,2.58,1794.45,324.84,0.1542,3.65,Good,None,2024-12-11,2027-03-05
Fiberglass Product-462,3B-the Fibreglass Company,65.88,kg,Basalt,2.66,3220.34,319.11,0.1805,2.52,Excellent,None,2024-09-11,2026-08-02
Fiberglass Product-463,AGY,74.18,kg,Basalt,2.53,2105.47,202.96,0.0242,1.59,Good,None,2023-12-07,2024-12-13
Fiberglass Product-464,3B-the Fibreglass Company,34.48,kg,Carbon,2.63,3002.32,153.46,0.1021,2.59,Excellent,None,2023-06-01,2025-11-25
Fiberglass Product-465,3B-the Fibreglass Company,76.2,kg,Carbon,2.51,2718.5,193.81,0.1678,2.93,Moderate,ISO 14001,2024-07-10,2027-02-24
Fiberglass Product-466,Shangwei,78.32,kg,S-Glass,2.53,2257.05,282.13,0.051,2.18,Excellent,None,2024-03-19,2026-09-11
Fiberglass Product-467,AGY,46.0,kg,S-Glass,2.53,2727.42,407.19,0.1916,2.14,Poor,ISO 14001,2024-06-24,2027-04-14
Fiberglass Product-468,Taishan Fiberglass,33.03,kg,Basalt,2.48,2094.49,122.76,0.0486,2.15,Good,ISO 14001,2024-11-17,2026-10-03
Fiberglass Product-469,Saint-Gobain Vetrotex,96.49,kg,Carbon,2.56,2106.15,337.83,0.0677,1.95,Good,ISO 14001,2025-01-18,2028-01-04
Fiberglass Product-470,Taishan Fiberglass,40.62,kg,Basalt,2.65,2997.26,318.37,0.0957,2.5,Poor,"RoHS, REACH",2023-12-10,2026-07-03
Fiberglass Product-471,AGY,14.04,kg,C-Glass,2.63,2795.45,137.11,0.1579,3.07,Excellent,"RoHS, REACH",2025-01-04,2026-06-12
Fiberglass Product-472,AGY,10.94,kg,C-Glass,2.53,1803.86,379.29,0.1149,1.94,Poor,ISO 14001,2023-06-26,2024-07-01
Fiberglass Product-473,Johns Manville,34.69,kg,Carbon,2.52,2768.69,139.62,0.02,2.91,Poor,None,2025-01-30,2026-08-04
Fiberglass Product-474,3B-the Fibreglass Company,63.14,kg,Carbon,2.7,2382.72,101.01,0.0414,1.86,Moderate,ISO 14001,2023-11-01,2024-11-07
Fiberglass Product-475,Owens Corning,41.41,kg,Carbon,2.42,2178.59,110.26,0.0905,3.66,Moderate,ISO 14001,2023-08-06,2024-12-02
Fiberglass Product-476,3B-the Fibreglass Company,97.14,kg,Carbon,2.62,1686.74,212.54,0.0588,4.24,Poor,None,2024-02-29,2025-04-17
Fiberglass Product-477,Nippon Electric Glass,73.4,kg,S-Glass,2.62,1953.84,400.66,0.1694,3.28,Good,ISO 14001,2024-06-29,2026-11-27
Fiberglass Product-478,3B-the Fibreglass Company,77.23,kg,Carbon,2.47,2275.62,333.21,0.0236,4.08,Moderate,ISO 14001,2024-09-30,2025-11-09
Fiberglass Product-479,Johns Manville,64.51,kg,E-Glass,2.6,3173.06,222.07,0.0945,3.07,Poor,"RoHS, REACH",2024-02-22,2025-12-12
Fiberglass Product-480,Shangwei,52.24,kg,E-Glass,2.48,2221.73,145.82,0.0171,3.8,Good,"RoHS, REACH",2024-06-13,2027-04-21
Fiberglass Product-481,Taishan Fiberglass,32.66,kg,C-Glass,2.42,2159.74,195.48,0.0393,2.45,Moderate,ISO 14001,2024-07-18,2026-09-23
Fiberglass Product-482,3B-the Fibreglass Company,71.0,kg,Basalt,2.4,2649.63,472.81,0.0875,2.78,Good,"RoHS, REACH",2023-07-18,2026-02-22
Fiberglass Product-483,Shangwei,12.22,kg,Carbon,2.46,2253.91,490.57,0.0508,3.94,Moderate,None,2024-02-05,2026-03-10
Fiberglass Product-484,AGY,23.84,kg,Carbon,2.54,2027.27,252.59,0.0447,3.55,Moderate,ISO 14001,2023-12-30,2026-10-13
Fiberglass Product-485,Shangwei,41.58,kg,S-Glass,2.45,3019.56,460.98,0.0385,3.07,Poor,None,2024-03-06,2025-06-10
Fiberglass Product-486,AGY,49.88,kg,C-Glass,2.64,3165.71,261.97,0.1999,2.1,Good,ISO 14001,2024-03-05,2025-06-15
Fiberglass Product-487,China Jushi,61.96,kg,E-Glass,2.46,3062.11,404.65,0.0154,3.49,Good,None,2023-10-05,2025-05-07
Fiberglass Product-488,Nippon Electric Glass,58.51,kg,Carbon,2.67,1799.94,367.66,0.0408,2.22,Good,None,2024-08-10,2027-01-25
Fiberglass Product-489,Owens Corning,83.01,kg,Basalt,2.6,3189.26,148.36,0.0619,3.62,Poor,"RoHS, REACH",2023-10-08,2024-10-13
Fiberglass Product-490,China Jushi,93.85,kg,Basalt,2.41,2429.79,432.14,0.1001,2.89,Excellent,ISO 14001,2025-01-20,2027-08-12
Fiberglass Product-491,Saint-Gobain Vetrotex,68.09,kg,S-Glass,2.63,2157.69,485.31,0.0846,3.27,Moderate,ISO 14001,2023-03-24,2024-08-18
Fiberglass Product-492,Johns Manville,47.82,kg,S-Glass,2.59,2333.46,151.76,0.043,2.63,Good,"RoHS, REACH",2024-09-19,2025-10-18
Fiberglass Product-493,Saint-Gobain Vetrotex,95.49,kg,Basalt,2.43,3479.46,226.36,0.0705,3.15,Excellent,"RoHS, REACH",2023-07-21,2026-01-12
Fiberglass Product-494,Taishan Fiberglass,74.1,kg,S-Glass,2.49,2474.84,372.45,0.1088,2.55,Moderate,ISO 14001,2023-11-27,2026-10-06
Fiberglass Product-495,Johns Manville,75.51,kg,E-Glass,2.6,2900.01,330.19,0.1643,2.04,Excellent,None,2023-11-30,2026-11-05
Fiberglass Product-496,AGY,55.87,kg,C-Glass,2.6,3113.26,221.68,0.1725,2.64,Poor,ISO 14001,2024-03-26,2026-03-24
Fiberglass Product-497,Shangwei,47.29,kg,Basalt,2.46,2454.08,488.96,0.1474,3.3,Excellent,ISO 14001,2023-09-11,2026-04-13
Fiberglass Product-498,Taishan Fiberglass,30.09,kg,C-Glass,2.65,2509.47,132.01,0.1616,3.8,Good,None,2023-12-22,2025-09-14
Fiberglass Product-499,3B-the Fibreglass Company,48.49,kg,Carbon,2.44,2687.98,391.63,0.0514,2.97,Good,"RoHS, REACH",2023-04-10,2026-03-16
Fiberglass Product-500,Taishan Fiberglass,71.61,kg,Carbon,2.61,3293.22,154.08,0.1408,3.22,Moderate,None,2024-09-29,2027-06-08
